Year,Location,cement production[10^4t],Clinker production[10^4t],Clinker-to-cement ratios,Coal consumption[10^4t],Electricity consumption[10kWh],Process-related CO2 emissions[10^4t],Coal-related CO2 emissions[10^4t],Electricity-related CO2 emissions[10^4t],Total CO2[10^4t]
1996,Beijing,657,421.0484488,0.655531747,88.75149104,107.0217329,209.00845,44.28699403,107.0217329,360.3171769
1996,Tianjin,205,94.21547083,0.46989384,23.70147632,22.955783,46.76855972,11.82703668,22.955783,81.55137941
1996,Hebei,3360,1815.335351,0.552440064,322.1868724,229.6455563,901.1324684,160.7712493,229.6455563,1291.549274
1996,Shanxi,1290,839.3925278,0.665569956,141.1760413,182.8945224,416.6744508,70.4468446,182.8945224,670.0158178
1996,Inner Mongolia,394,278.3420968,0.72174352,90.61000401,23.86284619,138.1690169,45.214392,23.86284619,207.2462551
1996,Liaoning,1719,1080.027735,0.642410764,257.1216775,175.1209667,536.1257678,128.3037171,175.1209667,839.5504517
1996,Jilin,600,535.1575774,0.911854632,87.27487542,83.58220372,265.6522214,43.55016284,83.58220372,392.784588
1996,Heilongjiang,646,456.2879143,0.721853843,91.04081813,94.6744973,226.5013207,45.42936825,94.6744973,366.6051862
1996,Shanghai,438,146.7252104,0.342797021,12.56439847,32.61563812,72.83439444,6.269634837,32.61563812,111.7196674
1996,Jiangsu,3985,2247.263807,0.576677267,374.1398125,370.7412238,1115.541754,186.6957665,370.7412238,1672.978744
1996,Zhejiang,3498,2486.084815,0.726717812,391.2205918,317.0762787,1234.092502,195.2190753,317.0762787,1746.387856
1996,Anhui,2238,3370.00793,1.539472153,586.1234305,341.3584441,1672.871936,292.4755918,341.3584441,2306.705972
1996,Fujian,1484,1201.264052,0.827810161,196.1045702,148.8544998,596.3074753,97.85618054,148.8544998,843.0181556
1996,Jiangxi,1048,687.9534446,0.671520608,123.1229214,99.67356839,341.5000899,61.43833777,99.67356839,502.6119961
1996,Shandong,5546,3740.975527,0.689677423,635.5281888,735.9732867,1857.020252,317.1285662,735.9732867,2910.122105
1996,Henan,3045,2049.881365,0.688242794,381.6829295,249.3453083,1017.56111,190.4597818,249.3453083,1457.3662
1996,Hubei,1762,950.0439063,0.551305087,331.1227478,188.0701475,471.6017951,165.2302512,188.0701475,824.9021937
1996,Hunan,2269,1614.546093,0.727712746,360.7220443,241.6710181,801.4606804,180.0003001,241.6710181,1223.131999
1996,Guangdong,5210,4033.000916,0.791441903,742.7270908,577.6783435,2001.981655,370.6208183,577.6783435,2950.280817
1996,Guangxi,1907,1547.516068,0.829806315,301.6659591,156.8532328,768.186976,150.5313136,156.8532328,1075.571522
1996,Hainan,181,132.9558203,0.751005647,22.32343474,38.68415606,65.99926919,11.13939394,38.68415606,115.8228192
1996,Chongqing,770,621.9045121,0.825999596,118.9723912,124.6095488,308.7133998,59.36722323,124.6095488,492.6901719
1996,Sichuan,3009,2177.77729,0.739973124,444.0071857,327.102694,1081.048647,221.5595856,327.102694,1629.710926
1996,Guizhou,515,408.1917249,0.81074435,73.63197303,51.84186705,202.6263722,36.74235454,51.84186705,291.2105938
1996,Yunnan,1136,888.4466651,0.799398953,211.3979941,151.9804451,441.0249246,105.4875991,151.9804451,698.4929687
1996,Tibet,23,16.03582094,0.719418315,3.917341687,1.862323768,7.960181513,1.954753502,1.862323768,11.77725878
1996,Shaanxi,903,715.5562991,0.810010651,129.3379306,86.79447942,355.2021469,64.53962736,86.79447942,506.5362537
1996,Gansu,581,467.409766,0.82254968,84.93990514,57.2265846,232.0222078,42.38501267,57.2265846,331.6338051
1996,Qinghai,75,47.84851657,0.651889609,11.73322876,12.46143229,23.75200362,5.854881153,12.46143229,42.06831707
1996,Ningxia,163,143.7136771,0.903253579,27.78310908,38.95014166,71.33946931,13.86377143,38.95014166,124.1533824
1996,Xinjiang,555,414.3469753,0.763213965,116.374561,67.3633654,205.6818385,58.07090592,67.3633654,331.1161099
1997,Beijing,702,450.7153917,0.655531747,94.89949307,114.4353529,223.7351205,47.35484704,114.4353529,385.5253204
1997,Tianjin,209,96.34509757,0.46989384,24.21033023,23.4486274,47.82570643,12.08095478,23.4486274,83.35528862
1997,Hebei,3769,2038.790179,0.552440064,361.4443378,257.6271511,1012.055445,180.3607246,257.6271511,1450.04332
1997,Shanxi,1423,927.2813191,0.665569956,155.7848887,201.8203837,460.3024468,77.73665947,201.8203837,739.85949
1997,Inner Mongolia,467,329.7833035,0.72174352,107.2367975,28.24164101,163.7044318,53.51116197,28.24164101,245.4572348
1997,Liaoning,1833,1152.708764,0.642410764,274.1203619,186.698466,572.2046305,136.7860606,186.698466,895.6891572
1997,Jilin,628,560.9961006,0.911854632,91.3871888,87.52052174,278.4784643,45.60220721,87.52052174,411.6011933
1997,Heilongjiang,711,502.5757635,0.721853843,100.1651496,104.1630049,249.478609,49.98240965,104.1630049,403.6240236
1997,Shanghai,339,113.825824,0.342797021,9.736338854,25.27434206,56.50313905,4.858433088,25.27434206,86.6359142
1997,Jiangsu,4040,2280.90845,0.576677267,379.3199092,375.8742658,1132.242955,189.2806347,375.8742658,1697.397855
1997,Zhejiang,3437,2445.449516,0.726717812,384.3991187,311.5476145,1213.92114,191.8151602,311.5476145,1717.283914
1997,Anhui,2316,3490.089569,1.539472153,606.3350161,353.129677,1732.480462,302.561173,353.129677,2388.171312
1997,Fujian,1525,1236.371018,0.827810161,201.6118095,153.034807,613.7345736,100.6042929,153.034807,867.3736735
1997,Jiangxi,1050,690.0694688,0.671520608,123.3646105,99.86922668,342.5504843,61.55894066,99.86922668,503.9786516
1997,Shandong,5842,3944.921551,0.689677423,669.4316469,775.2351793,1958.259058,334.0463918,775.2351793,3067.540629
1997,Henan,3424,2307.120269,0.688242794,429.1036029,280.3242217,1145.254502,214.1226978,280.3242217,1639.701421
1997,Hubei,2098,1132.266212,0.551305087,394.1956298,223.8941018,562.0569475,196.7036193,223.8941018,982.6546686
1997,Hunan,2213,1576.784821,0.727712746,351.8945843,235.756932,782.7159852,175.5953976,235.756932,1194.068315
1997,Guangdong,5158,3996.963609,0.791441903,735.2737397,571.8812754,1984.092736,366.9015961,571.8812754,2922.875607
1997,Guangxi,1897,1541.029428,0.829806315,300.0682104,156.0224726,764.9670083,149.734037,156.0224726,1070.723518
1997,Hainan,188,138.4816474,0.751005647,23.22543205,40.24722218,68.74228979,11.58949059,40.24722218,120.5790026
1997,Chongqing,979,791.994967,0.825999596,151.3431683,158.5141202,393.1463016,75.52024099,158.5141202,627.1806628
1997,Sichuan,2356,1706.832679,0.739973124,347.6045081,256.0822769,847.271742,173.4546496,256.0822769,1276.808668
1997,Guizhou,633,502.6718807,0.81074435,90.57425077,63.77037139,249.5263216,45.19655113,63.77037139,358.4932441
1997,Yunnan,1344,1051.865305,0.799398953,250.0043401,179.7357209,522.1459376,124.7521657,179.7357209,826.6338243
1997,Tibet,32,22.7470655,0.719418315,5.550646265,2.638804908,11.29164332,2.769772486,2.638804908,16.70022071
1997,Shaanxi,1168,926.4552342,0.810010651,167.2724643,112.2511114,459.8923783,83.46895966,112.2511114,655.6124493
1997,Gansu,604,486.3396814,0.82254968,88.28188797,59.47817956,241.4190178,44.0526621,59.47817956,344.9498595
1997,Qinghai,79,50.55446464,0.651889609,12.38301767,13.15154928,25.09523625,6.179125819,13.15154928,44.42591135
1997,Ningxia,182,160.8044685,0.903253579,31.05265744,43.5338393,79.82333816,15.49527606,43.5338393,138.8524535
1997,Xinjiang,629,469.8405995,0.763213965,131.8142435,76.30061912,233.2288736,65.77530752,76.30061912,375.3048002
1998,Beijing,783,506.2801954,0.655531747,105.7444995,127.5128953,251.317489,52.76650526,127.5128953,431.5968896
1998,Tianjin,188,87.04092827,0.46989384,21.69701305,21.01438394,43.20711679,10.82680951,21.01438394,75.04831024
1998,Hebei,3986,2173.563736,0.552440064,382.2492273,272.4562792,1078.957038,190.7423644,272.4562792,1542.155682
1998,Shanxi,1431,939.7774573,0.665569956,156.6189055,202.9008582,466.5055298,78.15283386,202.9008582,747.5592218
1998,Inner Mongolia,499,355.6363424,0.72174352,114.7167014,30.21153162,176.5378804,57.24363401,30.21153162,263.993046
1998,Liaoning,1706,1081.846685,0.642410764,255.2071067,173.8169868,537.0286945,127.3483462,173.8169868,838.1940276
1998,Jilin,644,579.4548363,0.911854632,93.63762961,89.67574455,287.6413808,46.72517717,89.67574455,424.0423025
1998,Heilongjiang,763,543.7216107,0.721853843,107.4971726,111.7876683,269.9034076,53.64108911,111.7876683,435.3321649
1998,Shanghai,339,114.8344241,0.342797021,9.743888767,25.29394071,57.0038081,4.862200495,25.29394071,87.1599493
1998,Jiangsu,3955,2251.004254,0.576677267,371.3465927,367.9733768,1117.398512,185.3019497,367.9733768,1670.673838
1998,Zhejiang,3524,2527.414454,0.726717812,394.0991429,319.4092854,1254.608535,196.6554723,319.4092854,1770.673293
1998,Anhui,1978,3005.447806,1.539472153,517.9533076,301.6561461,1491.904291,258.4587005,301.6561461,2052.019137
1998,Fujian,1496,1221.916042,0.827810161,197.6577564,150.0334563,606.5591234,98.63122046,150.0334563,855.2238002
1998,Jiangxi,1162,770.3845449,0.671520608,136.6188686,110.5991475,382.4188881,68.17281542,110.5991475,561.190851
1998,Shandong,5550,3777.923829,0.689677423,635.9550339,736.4675947,1875.361389,317.3415619,736.4675947,2929.170545
1998,Henan,3929,2668.864331,0.688242794,492.406489,321.6786456,1324.824254,245.710838,321.6786456,1892.213737
1998,Hubei,2328,1266.704237,0.551305087,437.4655159,248.4704075,628.7919833,218.2952925,248.4704075,1095.557683
1998,Hunan,2398,1722.572291,0.727712746,381.3492997,255.49055,855.0848852,190.2933005,255.49055,1300.868736
1998,Guangdong,5222,4079.135829,0.791441903,744.3760166,578.9608451,2024.883026,371.4436323,578.9608451,2975.287503
1998,Guangxi,2060,1686.998736,0.829806315,325.858577,169.4323462,837.4261723,162.6034299,169.4323462,1169.461948
1998,Hainan,229,169.6111411,0.751005647,28.21832947,48.89938638,84.19497042,14.08094641,48.89938638,147.1753032
1998,Chongqing,1204,981.2256832,0.825999596,186.0007309,194.8138296,487.0804291,92.8143647,194.8138296,774.7086234
1998,Sichuan,2526,1844.486324,0.739973124,372.6277843,274.517071,915.6030112,185.9412644,274.517071,1376.061347
1998,Guizhou,574,459.0865738,0.81074435,82.0578425,57.77424652,227.8905752,40.94686341,57.77424652,326.6116851
1998,Yunnan,1598,1261.210673,0.799398953,297.3585284,213.7800865,626.0649783,148.3819057,213.7800865,988.2269705
1998,Tibet,38,26.94361637,0.719418315,6.521979105,3.100581382,13.37481117,3.254467573,3.100581382,19.72986012
1998,Shaanxi,881,704.2981789,0.810010651,126.1426426,84.65022554,349.613616,62.94517864,84.65022554,497.2090202
1998,Gansu,646,524.5360715,0.82254968,94.45231556,63.63538337,260.3797059,47.13170547,63.63538337,371.1467947
1998,Qinghai,104,66.84963591,0.651889609,16.2431916,17.25129855,33.18415926,8.105352608,17.25129855,58.54081042
1998,Ningxia,232,207.0676332,0.903253579,39.66598312,55.60917092,102.7883731,19.79332558,55.60917092,178.1908696
1998,Xinjiang,734,553.0588456,0.763213965,153.917672,89.09517937,274.538411,76.80491835,89.09517937,440.4385087
1999,Beijing,814.5780278,525.3378603,0.655531747,110.0791417,132.7398601,260.7777139,54.92949173,132.7398601,448.4470657
1999,Tianjin,261.0504479,120.6803262,0.46989384,30.17952488,29.2300199,59.90571393,15.05958292,29.2300199,104.1953167
1999,Hebei,4193.37262,2279.086993,0.552440064,402.100512,286.6057053,1131.338783,200.6481555,286.6057053,1618.592644
1999,Shanxi,1447.514285,947.8265043,0.665569956,158.4701603,205.2991713,470.5010767,79.07660999,205.2991713,754.8768581
1999,Inner Mongolia,557.6359747,395.9551148,0.72174352,128.134465,33.74520357,196.552119,63.93909805,33.74520357,294.2364206
1999,Liaoning,1735.73086,1097.00214,0.642410764,259.6175258,176.8208442,544.5518621,129.5491454,176.8208442,850.9218517
1999,Jilin,668.5322013,599.7361397,0.911854632,97.22781501,93.11402625,297.7090197,48.51667969,93.11402625,439.3397257
1999,Heilongjiang,863.2193932,613.031431,0.721853843,121.5913486,126.4443801,304.3088023,60.67408298,126.4443801,491.4272654
1999,Shanghai,254.7610534,85.91764323,0.342797021,7.313782878,18.98568373,42.6495181,3.649577656,18.98568373,65.28477949
1999,Jiangsu,4441.448656,2519.821387,0.576677267,417.0348725,413.2466361,1250.839337,208.1004014,413.2466361,1872.186374
1999,Zhejiang,3850.133988,2752.668604,0.726717812,430.6083448,348.999246,1366.424695,214.873564,348.999246,1930.297505
1999,Anhui,2164.200931,3277.794315,1.539472153,566.7122562,330.053371,1627.097098,282.7894159,330.053371,2239.939885
1999,Fujian,1852.135378,1508.397351,0.827810161,244.7866579,185.8069676,748.7684451,122.1485423,185.8069676,1056.723955
1999,Jiangxi,1333.98057,881.2946414,0.671520608,156.791942,126.9301619,437.47466,78.23917904,126.9301619,642.644001
1999,Shandong,6034.978335,4094.812359,0.689677423,691.5231193,800.8182044,2032.664855,345.0700366,800.8182044,3178.553096
1999,Henan,3855.601704,2610.634766,0.688242794,483.217745,315.6758353,1295.919098,241.1256548,315.6758353,1852.720588
1999,Hubei,2241.560483,1215.779292,0.551305087,421.2334299,239.2509539,603.5128408,210.1954815,239.2509539,1052.959276
1999,Hunan,2306.635428,1651.395971,0.727712746,366.7720256,245.7242917,819.75296,183.0192408,245.7242917,1248.496493
1999,Guangdong,5690.27894,4430.623813,0.791441903,811.1264606,630.8780115,2199.361661,404.7521038,630.8780115,3234.991776
1999,Guangxi,2092.288806,1708.089598,0.829806315,330.9973634,172.1042926,847.8956764,165.1676843,172.1042926,1185.167653
1999,Hainan,292.3249692,215.9839083,0.751005647,36.04938056,62.46977131,107.2144121,17.9886409,62.46977131,187.6728243
1999,Chongqing,1214.867554,987.2361478,0.825999596,187.7440919,196.6397947,490.0640237,93.68430187,196.6397947,780.3881203
1999,Sichuan,2628.540839,1913.563842,0.739973124,387.8307478,285.7171833,949.8930911,193.5275432,285.7171833,1429.137818
1999,Guizhou,720.5312918,574.710402,0.81074435,103.0561816,72.55849116,285.2862436,51.42503461,72.55849116,409.2697693
1999,Yunnan,1646.167853,1294.642835,0.799398953,306.2261119,220.155262,642.6607032,152.8068299,220.155262,1015.622795
1999,Tibet,39.60289689,28.02984691,0.719418315,6.806811586,3.235992164,13.914016,3.396598982,3.235992164,20.54660715
1999,Shaanxi,1004.274281,800.3046692,0.810010651,143.8004341,96.49979521,397.2712378,71.7564166,96.49979521,565.5274496
1999,Gansu,715.1954507,578.760871,0.82254968,104.5528555,70.44042279,287.2968964,52.17187489,70.44042279,409.9091941
1999,Qinghai,118.4333558,75.95570072,0.651889609,18.51536093,19.66448633,37.70440984,9.239165105,19.66448633,66.60806128
1999,Ningxia,251.8598166,223.8107046,0.903253579,43.01167391,60.29961538,111.0996337,21.46282528,60.29961538,192.8620744
1999,Xinjiang,813.5636093,610.8718368,0.763213965,170.5558945,98.7262074,303.2367798,85.10739136,98.7262074,487.0703785
2000,Beijing,841.1764444,547.5967725,0.655531747,113.673556,137.0742148,271.8270379,56.72310444,137.0742148,465.6243571
2000,Tianjin,272.4008024,127.1124773,0.46989384,31.49171687,30.50092784,63.09863375,15.71436672,30.50092784,109.3139283
2000,Hebei,4775.064721,2619.657277,0.552440064,457.8786917,326.362791,1300.397872,228.4814672,326.362791,1855.24213
2000,Shanxi,1214.111563,802.476556,0.665569956,132.9178275,172.1959503,398.3493624,66.32599592,172.1959503,636.8713086
2000,Inner Mongolia,640.8198107,459.3025652,0.72174352,147.2485768,38.7790529,227.9977934,73.47703981,38.7790529,340.2538861
2000,Liaoning,1988.380406,1268.505435,0.642410764,297.4069387,202.5585362,629.6860979,148.4060624,202.5585362,980.6506965
2000,Jilin,771.8683876,698.9545096,0.911854632,112.2564877,107.5068234,346.9610186,56.01598734,107.5068234,510.4838293
2000,Heilongjiang,919.1708939,658.9092201,0.721853843,129.4725646,134.6401561,327.0825369,64.60680972,134.6401561,526.3295027
2000,Shanghai,317.0329939,107.9248737,0.342797021,9.101510813,23.62640629,53.57390732,4.541653896,23.62640629,81.74196751
2000,Jiangsu,4678.365029,2679.21141,0.576677267,439.2804048,435.2900958,1329.960544,219.200922,435.2900958,1984.451562
2000,Zhejiang,4329.576862,3124.577546,0.726717812,484.2304013,392.4588248,1551.040294,241.6309703,392.4588248,2185.130089
2000,Anhui,1938.235305,2963.182402,1.539472153,507.5414611,295.5922839,1470.923744,253.2631891,295.5922839,2019.779217
2000,Fujian,1539.586836,1265.653983,0.827810161,203.4788172,154.4519718,628.2706374,101.5359298,154.4519718,884.258539
2000,Jiangxi,1488.11945,992.3781331,0.671520608,174.9089481,141.5966971,492.6165053,87.27956513,141.5966971,721.4927675
2000,Shandong,6659.279613,4560.928966,0.689677423,763.0592117,883.6605613,2264.045139,380.7665466,883.6605613,3528.472246
2000,Henan,3787.226569,2588.469243,0.688242794,474.6483749,310.0776488,1284.916132,236.8495391,310.0776488,1831.84332
2000,Hubei,2503.105121,1370.411949,0.551305087,470.3828264,267.166687,680.2724917,234.7210304,267.166687,1182.160209
2000,Hunan,2436.787462,1760.993211,0.727712746,387.4671579,259.5892988,874.1570301,193.3461118,259.5892988,1327.092441
2000,Guangdong,5973.064754,4694.575325,0.791441903,851.4364452,662.230315,2330.387191,424.8667862,662.230315,3417.484293
2000,Guangxi,2236.034143,1842.617599,0.829806315,353.7376885,183.9282767,914.6753761,176.5151065,183.9282767,1275.118759
2000,Hainan,320.450591,238.9925305,0.751005647,39.51781929,68.48020952,118.6358921,19.71939182,68.48020952,206.8354935
2000,Chongqing,1426.826472,1170.391183,0.825999596,220.4999544,230.9476977,580.9821831,110.0294773,230.9476977,921.9593581
2000,Sichuan,2813.842006,2067.738925,0.739973124,415.1711981,305.8590531,1026.425603,207.1704279,305.8590531,1539.455084
2000,Guizhou,797.3172808,641.9410613,0.81074435,114.0387314,80.29094576,318.6595428,56.90532697,80.29094576,455.8558156
2000,Yunnan,1537.918723,1220.891324,0.799398953,286.0892163,205.6782355,606.0504532,142.7585189,205.6782355,954.4872076
2000,Tibet,50.16544406,35.83985132,0.719418315,8.622266365,4.099068417,17.79090219,4.302510916,4.099068417,26.19248153
2000,Shaanxi,1006.400993,809.5465648,0.810010651,144.1049546,96.70414903,401.8589148,71.90837234,96.70414903,570.4714362
2000,Gansu,735.9022461,601.1215733,0.82254968,107.5799365,72.47985889,298.396749,53.68238833,72.47985889,424.5589962
2000,Qinghai,125.8306384,81.45926871,0.651889609,19.67182023,20.89271938,40.43638099,9.816238296,20.89271938,71.14533866
2000,Ningxia,285.054049,255.6918901,0.903253579,48.68046029,68.24689126,126.9254543,24.29154969,68.24689126,219.4638952
2000,Xinjiang,909.8843873,689.6243213,0.763213965,190.7486321,110.414765,342.3295131,95.1835674,110.414765,547.9278455
2001,Beijing,809.0001224,524.4764528,0.655531747,109.3253637,131.8309105,260.3501112,54.55335648,131.8309105,446.7343781
2001,Tianjin,338.9900513,157.5325791,0.46989384,39.18996796,37.95697737,78.19917224,19.55579401,37.95697737,135.7119436
2001,Hebei,4878.030738,2665.099193,0.552440064,467.7520543,333.4002405,1322.955239,233.4082751,333.4002405,1889.763755
2001,Shanxi,1573.010238,1035.401852,0.665569956,172.2091361,223.098108,513.9734793,85.93235892,223.098108,823.0039463
2001,Inner Mongolia,698.1201056,498.3066895,0.72174352,160.415128,42.24656612,247.3594407,80.04714888,42.24656612,369.6531557
2001,Liaoning,2101.450318,1335.105591,0.642410764,314.319083,214.0770946,662.7464152,156.8452224,214.0770946,1033.668732
2001,Jilin,907.2501372,818.1563951,0.911854632,131.9456989,126.3629679,406.1328345,65.84090373,126.3629679,598.3367062
2001,Heilongjiang,965.5601461,689.3063555,0.721853843,136.0068614,141.435254,342.1716749,67.86742383,141.435254,551.4743527
2001,Shanghai,433.6900656,147.028048,0.342797021,12.45054899,32.32009883,72.98472302,6.212823946,32.32009883,111.5176458
2001,Jiangsu,5246.930794,2992.415155,0.576677267,492.6665338,488.1912791,1485.434883,245.8406004,488.1912791,2219.466762
2001,Zhejiang,4791.030725,3443.32836,0.726717812,535.8405231,434.2877717,1709.268198,267.384421,434.2877717,2410.940391
2001,Anhui,2371.520359,3610.624902,1.539472153,621.0004043,361.6708031,1792.314202,309.8792018,361.6708031,2463.864206
2001,Fujian,1762.020267,1442.531584,0.827810161,232.8766337,176.7665832,716.0726782,116.2054402,176.7665832,1009.044702
2001,Jiangxi,1608.310243,1068.102302,0.671520608,189.0358015,153.0330232,530.2059827,94.32886495,153.0330232,777.5678709
2001,Shandong,7287.251102,4970.423825,0.689677423,835.0158583,966.9899409,2467.318387,416.6729133,966.9899409,3850.981241
2001,Henan,4686.400709,3189.80968,0.688242794,587.3407465,383.697169,1583.421525,293.0830325,383.697169,2260.201727
2001,Hubei,2796.700423,1524.830696,0.551305087,525.5551748,298.503319,756.9259577,262.2520322,298.503319,1317.681309
2001,Hunan,2761.890418,1987.69664,0.727712746,439.1609228,294.2222939,986.6926122,219.1413005,294.2222939,1500.056207
2001,Guangdong,6018.02091,4710.385064,0.791441903,857.8447651,667.2145786,2338.235146,428.0645378,667.2145786,3433.514262
2001,Guangxi,2140.450324,1756.570428,0.829806315,338.6164528,176.065889,871.9615606,168.9696099,176.065889,1216.99706
2001,Hainan,312.5900473,232.1678219,0.751005647,38.54846065,66.80041332,115.2481068,19.23568187,66.80041332,201.284202
2001,Chongqing,1698.800257,1387.732729,0.825999596,262.5304384,274.9696727,688.8705267,131.0026888,274.9696727,1094.842888
2001,Sichuan,3162.140478,2314.092871,0.739973124,466.5612526,343.7184072,1148.715701,232.814065,343.7184072,1725.248173
2001,Guizhou,1204.000182,965.3708073,0.81074435,172.2057915,121.2444727,479.2100687,85.93068994,121.2444727,686.3852314
2001,Yunnan,1640.870248,1297.243472,0.799398953,305.2406323,219.4467707,643.9516596,152.3150755,219.4467707,1015.713506
2001,Tibet,49.5900075,35.28249937,0.719418315,8.523362282,4.052048923,17.51423269,4.253157779,4.052048923,25.81943939
2001,Shaanxi,1492.910226,1195.936444,0.810010651,213.7674365,143.4523753,593.662851,106.6699508,143.4523753,843.7851771
2001,Gansu,891.6501349,725.3377748,0.82254968,130.3483791,87.81964765,360.0576714,65.04384115,87.81964765,512.9211602
2001,Qinghai,176.1300266,113.5510457,0.651889609,27.53541003,29.24434993,56.36673907,13.7401696,29.24434993,99.3512586
2001,Ningxia,318.6900482,284.6832212,0.903253579,54.42468995,76.29993379,141.316751,27.15792029,76.29993379,244.7746051
2001,Xinjiang,981.0001484,740.4556642,0.763213965,205.6573769,119.0446856,367.5621917,102.6230311,119.0446856,589.2299084
2002,Beijing,888.3322347,578.3738398,0.655531747,120.0460197,144.7585038,287.1047741,59.90296383,144.7585038,491.7662417
2002,Tianjin,379.6012462,177.1604899,0.46989384,43.88494771,42.50424418,87.94246717,21.89858891,42.50424418,152.3453003
2002,Hebei,5797.513418,3181.02015,0.552440064,555.9208125,396.244401,1579.058402,277.4044854,396.244401,2252.707289
2002,Shanxi,1688.233206,1116.003712,0.665569956,184.8234519,239.44004,553.9842424,92.22690248,239.44004,885.6511848
2002,Inner Mongolia,714.9165178,512.4809371,0.72174352,164.2746338,43.26299687,254.3955372,81.97304228,43.26299687,379.6315763
2002,Liaoning,2156.265716,1375.797696,0.642410764,322.5179566,219.6612004,682.9459761,160.9364603,219.6612004,1063.543637
2002,Jilin,893.5577184,809.2593202,0.911854632,129.9543453,124.4558702,401.7163265,64.84721832,124.4558702,591.019415
2002,Heilongjiang,962.4034666,689.9949977,0.721853843,135.5622179,140.9728635,342.5135168,67.64554672,140.9728635,551.1319271
2002,Shanghai,353.3130434,120.291849,0.342797021,10.14305308,26.33012233,59.71287386,5.061383487,26.33012233,91.10437968
2002,Jiangsu,6064.867254,3473.710502,0.576677267,569.467608,564.2947123,1724.349893,284.1643364,564.2947123,2572.808942
2002,Zhejiang,5770.933794,4165.348931,0.726717812,645.4352645,523.1120654,2067.679209,322.072197,523.1120654,2912.863472
2002,Anhui,2415.288925,3693.009444,1.539472153,632.4615318,368.3457668,1833.209888,315.5983044,368.3457668,2517.153959
2002,Fujian,1707.014801,1403.484209,0.827810161,225.6068605,171.2484127,696.6895612,112.5778234,171.2484127,980.5157973
2002,Jiangxi,1975.604665,1317.646396,0.671520608,232.2064494,187.9816135,654.079671,115.8710183,187.9816135,957.9323027
2002,Shandong,8279.065496,5671.093643,0.689677423,948.6637532,1098.599862,2815.130885,473.3832128,1098.599862,4387.113959
2002,Henan,4503.261588,3078.281549,0.688242794,564.3881492,368.7027272,1528.058961,281.6296865,368.7027272,2178.391375
2002,Hubei,2963.110551,1622.479976,0.551305087,556.8269203,316.2649553,805.3990598,277.8566332,316.2649553,1399.520648
2002,Hunan,2759.959822,1994.813197,0.727712746,438.8539439,294.0166288,990.225271,218.988118,294.0166288,1503.230018
2002,Guangdong,7478.772614,5878.802367,0.791441903,1066.069067,829.1672947,2918.237495,531.9684643,829.1672947,4279.373254
2002,Guangxi,2412.947506,1988.676311,0.829806315,381.725152,198.4805455,987.1789207,190.4808508,198.4805455,1376.140317
2002,Hainan,349.0522644,260.3593346,0.751005647,43.04496447,74.59237981,129.2423737,21.47943727,74.59237981,225.3141908
2002,Chongqing,1758.576256,1442.714945,0.825999596,271.7681456,284.6450816,716.1636989,135.6123046,284.6450816,1136.421085
2002,Sichuan,3310.615268,2433.123487,0.739973124,488.4681174,359.8573228,1207.802499,243.7455906,359.8573228,1811.405412
2002,Guizhou,1126.604244,907.1827936,0.81074435,161.1360018,113.4505954,450.3255387,80.40686489,113.4505954,644.182999
2002,Yunnan,1717.375327,1363.541264,0.799398953,319.4723844,229.6784099,676.8618833,159.4167198,229.6784099,1065.957013
2002,Tibet,59.36953442,42.42136356,0.719418315,10.2042342,4.851143811,21.05796487,5.091912864,4.851143811,31.00102155
2002,Shaanxi,1334.809624,1073.864658,0.810010651,191.1292631,128.2606334,533.0664161,95.37350231,128.2606334,756.7005518
2002,Gansu,1086.317774,887.4798759,0.82254968,158.8064146,106.9926874,440.5450104,79.24440089,106.9926874,626.7820987
2002,Qinghai,264.7913392,171.4420399,0.651889609,41.3963379,43.96553347,85.10382863,20.65677261,43.96553347,149.7261347
2002,Ningxia,376.0740447,337.3824929,0.903253579,64.22451343,90.03865942,167.4766695,32.0480322,90.03865942,289.5633611
2002,Xinjiang,986.4507408,747.7582312,0.763213965,206.8000419,119.7061168,371.187186,103.1932209,119.7061168,594.0865236
2003,Beijing,999.7287842,684.9761233,0.689569973,135.0997483,162.9111692,340.0221476,67.41477441,162.9111692,570.3480913
2003,Tianjin,451.3290107,221.6626444,0.494292892,52.1772524,50.53565726,110.0333367,26.03644895,50.53565726,186.6054429
2003,Hebei,6816.36901,3935.843015,0.581125296,653.618392,465.8804319,1953.752473,326.1555776,465.8804319,2745.788482
2003,Shanxi,1950.421822,1356.818527,0.700129413,213.5271907,276.625929,673.5247167,106.5500682,276.625929,1056.700714
2003,Inner Mongolia,948.5514769,715.5554695,0.759219767,217.9596396,57.40135883,355.201735,108.7618601,57.40135883,521.364954
2003,Liaoning,2441.519824,1639.353348,0.675767689,365.1841138,248.7203555,813.7750017,182.2268728,248.7203555,1244.72223
2003,Jilin,1119.946421,1067.388114,0.959202323,162.8791301,155.9875803,529.8514598,81.27668593,155.9875803,767.115726
2003,Heilongjiang,1115.242992,841.4305643,0.759335818,157.0908862,163.3607978,417.6861321,78.38835222,163.3607978,659.4352821
2003,Shanghai,745.213247,267.0035976,0.360596621,21.39388189,55.53589464,132.5405859,10.67554706,55.53589464,198.7520276
2003,Jiangsu,7830.848547,4719.990925,0.606621006,735.2864298,728.607279,2343.003495,366.9079284,728.607279,3438.518702
2003,Zhejiang,7199.348195,5468.37755,0.764452347,805.1926035,652.5921173,2714.502616,401.7911091,652.5921173,3768.885842
2003,Anhui,3075.201767,4948.173975,1.619408636,805.2646621,468.9863565,2456.273561,401.8270664,468.9863565,3327.086984
2003,Fujian,2401.950979,2078.233784,0.870793876,317.4527949,240.9646902,1031.63525,158.4089447,240.9646902,1431.008885
2003,Jiangxi,2526.021424,1772.947527,0.706389049,296.9007295,240.3545565,880.0911524,148.153464,240.3545565,1268.599173
2003,Shandong,9942.247719,7166.879408,0.725488651,1139.240901,1319.297688,3557.638938,568.4812096,1319.297688,5445.417836
2003,Henan,4726.045202,3399.68792,0.723979529,592.3093412,386.9430458,1687.605084,295.5623613,386.9430458,2370.110491
2003,Hubei,3448.323766,1987.007667,0.579931385,648.0080542,368.0537539,986.3506058,323.3560191,368.0537539,1677.760379
2003,Hunan,3137.287026,2386.237922,0.765498943,498.851749,334.2130373,1184.528505,248.9270227,334.2130373,1767.668565
2003,Guangdong,7535.503246,6233.483433,0.832537211,1074.155791,835.4569879,3094.301176,536.0037398,835.4569879,4465.761904
2003,Guangxi,2667.134293,2313.242309,0.87289368,421.9371705,219.3890534,1148.293482,210.5466481,219.3890534,1578.229184
2003,Hainan,398.1302297,312.5128394,0.790001318,49.09723655,85.08032848,155.1313735,24.49952104,85.08032848,264.711223
2003,Chongqing,2039.146501,1760.466523,0.868889298,315.1271155,330.0584891,873.8955821,157.2484306,330.0584891,1361.202502
2003,Sichuan,4062.811716,3142.260242,0.778395936,599.451712,441.619587,1559.817984,299.1264043,441.619587,2300.563975
2003,Guizhou,1592.140642,1349.164381,0.852841929,227.7207623,160.3307504,669.7251988,113.6326604,160.3307504,943.6886096
2003,Yunnan,2054.287538,1716.422957,0.840907427,382.1460154,274.7363887,852.0323559,190.6908617,274.7363887,1317.459606
2003,Tibet,125.0011236,93.99287084,0.756773827,21.48476912,10.21396635,46.65806108,10.72089979,10.21396635,67.59292723
2003,Shaanxi,1829.333551,1548.756482,0.852070133,261.9393563,175.7789843,768.8027174,130.7077388,175.7789843,1075.289441
2003,Gansu,1161.666834,998.7188245,0.865260247,169.8215285,114.413903,495.7640245,84.74094274,114.413903,694.9188702
2003,Qinghai,307.2239607,209.3286392,0.685738719,48.03007125,51.01097856,103.9107365,23.96700555,51.01097856,178.8887206
2003,Ningxia,494.4904746,466.8389988,0.950154664,84.44722676,118.3896099,231.738879,42.13916615,118.3896099,392.267655
2003,Xinjiang,1128.53268,900.2434203,0.802843548,236.5861729,136.9478061,446.8808338,118.0565003,136.9478061,701.8851402
2004,Beijing,1221.951338,775.7560357,0.636848453,165.130104,199.1235266,385.0852961,82.39992192,199.1235266,666.6087446
2004,Tianjin,525.5883231,239.1789656,0.456501408,60.76222433,58.85052972,118.7284385,30.32034994,58.85052972,207.8993182
2004,Hebei,7633.957793,4084.251192,0.536694983,732.0165927,521.7604194,2027.422292,365.2762798,521.7604194,2914.458991
2004,Shanxi,2400.95992,1547.590815,0.646600564,262.8509489,340.5251935,768.2240804,131.1626235,340.5251935,1239.911897
2004,Inner Mongolia,1291.030098,902.3952145,0.701173126,296.6549119,78.12636816,447.9489845,148.030801,78.12636816,674.1061537
2004,Liaoning,2511.683189,1562.626522,0.624101431,375.6786207,255.8679761,775.6878056,187.4636317,255.8679761,1219.019413
2004,Jilin,1331.215338,1175.577985,0.885865885,193.6049728,185.4133873,583.5569118,96.60888141,185.4133873,865.5791805
2004,Heilongjiang,1167.344497,816.0670375,0.701280304,164.4297995,170.9926265,405.0956774,82.05046995,170.9926265,658.1387739
2004,Shanghai,977.1665643,324.4017292,0.333026971,28.0528911,72.8218662,161.0330184,13.99839266,72.8218662,247.8532772
2004,Jiangsu,8861.263137,4948.869339,0.560241402,832.0383795,824.4803592,2456.61874,415.1871514,824.4803592,3696.28625
2004,Zhejiang,8829.008267,6213.771114,0.706005646,987.4577477,800.3142845,3084.515981,492.7414161,800.3142845,4377.571682
2004,Anhui,3486.665883,5198.28029,1.495595695,913.009629,531.7370543,2580.426336,455.5918049,531.7370543,3567.755195
2004,Fujian,2397.840104,1922.332444,0.804216764,316.909483,240.5522856,954.2458253,158.137832,240.5522856,1352.935943
2004,Jiangxi,3114.159876,2025.245952,0.652381615,366.0287004,296.3167726,1005.33209,182.6483215,296.3167726,1484.297185
2004,Shandong,12959.27202,8655.738723,0.670020944,1484.949194,1719.645105,4296.708702,740.9896477,1719.645105,6757.343455
2004,Henan,5328.98756,3551.925948,0.668627203,667.8753538,436.3087084,1763.176041,333.2698016,436.3087084,2532.754551
2004,Hubei,3655.135936,1951.520223,0.535592354,686.8721404,390.1276659,968.7346386,342.7491981,390.1276659,1701.611503
2004,Hunan,3407.432625,2401.401527,0.706972223,541.8068894,362.991463,1192.055718,270.3616378,362.991463,1825.408819
2004,Guangdong,7732.221927,5926.535281,0.768885037,1102.197251,857.2670769,2941.932114,549.9964281,857.2670769,4349.195619
2004,Guangxi,2794.801441,2245.97655,0.806156026,442.1339471,229.8905025,1114.902759,220.6248396,229.8905025,1565.418101
2004,Hainan,428.0890474,311.3542816,0.729601253,52.79174415,91.48252017,154.5562654,26.34308033,91.48252017,272.3818659
2004,Chongqing,2004.864081,1603.770767,0.802457801,309.8291537,324.5094989,796.1118086,154.6047477,324.5094989,1275.226055
2004,Sichuan,3880.416828,2780.81341,0.718883168,572.5400716,421.7936239,1380.395776,285.6974957,421.7936239,2087.886896
2004,Guizhou,1438.939558,1129.806336,0.787637345,205.808711,144.9031908,560.8358652,102.6985468,144.9031908,808.4376028
2004,Yunnan,2314.993899,1792.218471,0.776615303,430.6435577,309.6027463,889.6572493,214.8911353,309.6027463,1414.151131
2004,Tibet,101.84689,70.9588854,0.698914192,17.50509799,8.322010858,35.22399071,8.735043898,8.322010858,52.28104547
2004,Shaanxi,2033.284596,1595.021065,0.786924557,291.1427815,195.3764533,791.7684568,145.280248,195.3764533,1132.425158
2004,Gansu,1334.848414,1063.338676,0.799106212,195.1385641,131.4707561,527.841319,97.3741435,131.4707561,756.6862186
2004,Qinghai,343.1495463,216.6381862,0.63331012,53.64652261,56.97600574,107.5391956,26.76961478,56.97600574,191.2848161
2004,Ningxia,583.9389425,510.8044278,0.877509971,99.72290028,139.805127,253.563318,49.76172724,139.805127,443.1301722
2004,Xinjiang,1207.942358,892.8326058,0.741461622,253.2336588,146.5841963,443.2021055,126.3635957,146.5841963,716.1498975
2005,Beijing,1183.988923,767.0100299,0.647804054,160,192.9373474,380.7437789,79.84,192.9373474,653.5211263
2005,Tianjin,518.9951444,241.0031515,0.464354528,60,58.11228641,119.6339644,29.94,58.11228641,207.6862508
2005,Hebei,7685.928092,4196.05487,0.545927661,737,525.3124491,2082.921638,367.763,525.3124491,2975.997087
2005,Shanxi,2310.978379,1520.019877,0.657723929,253,327.7632221,754.5378669,126.247,327.7632221,1208.548089
2005,Inner Mongolia,1631.984731,1164.015221,0.713235294,375,98.75915378,577.8171559,187.125,98.75915378,863.7013097
2005,Liaoning,2680.974917,1702.022257,0.634837747,401,273.1139138,844.8838483,200.099,273.1139138,1318.096762
2005,Jilin,1718.983917,1549.020256,0.901105294,250,239.4222945,768.9336551,124.75,239.4222945,1133.10595
2005,Heilongjiang,1213.988642,866.0113246,0.713344316,171,177.825061,429.8880215,85.329,177.825061,693.0420825
2005,Shanghai,1044.990223,354.0046292,0.338755981,30,77.87632221,175.7278979,14.97,77.87632221,268.5742202
2005,Jiangsu,9680.909427,5517.072145,0.569879145,909,900.7428804,2738.674613,453.591,900.7428804,4093.008493
2005,Zhejiang,9128.914591,6556.085732,0.718150948,1021,827.4995932,3254.440957,509.479,827.4995932,4591.41955
2005,Anhui,3352.96863,5101.066705,1.521324187,878,511.3474369,2532.169512,438.122,511.3474369,3481.638949
2005,Fujian,2791.973879,2284.029868,0.818051576,369,280.0919447,1133.792426,184.131,280.0919447,1598.015371
2005,Jiangxi,3700.965374,2456.032117,0.663604431,435,352.1521562,1219.174343,217.065,352.1521562,1788.391499
2005,Shandong,14425.86503,9832.128572,0.681547206,1653,1914.256306,4880.668623,824.847,1914.256306,7619.771929
2005,Henan,6486.939309,4412.057695,0.68012949,813,531.1155411,2190.14544,405.687,531.1155411,3126.947981
2005,Hubei,4485.95803,2444.03196,0.544806063,843,478.8047193,1213.217465,420.657,478.8047193,2112.679184
2005,Hunan,3741.964991,2691.03519,0.719134153,595,398.6289666,1335.829868,296.905,398.6289666,2031.363835
2005,Guangdong,8228.923011,6436.084163,0.782112043,1173,912.3360456,3194.872178,585.327,912.3360456,4692.535224
2005,Guangxi,3305.96907,2711.035451,0.820024198,523,271.9373474,1345.757998,260.977,271.9373474,1878.672345
2005,Hainan,445.9958273,331.0043284,0.742152466,55,95.30919447,164.3105486,27.445,95.30919447,287.0647431
2005,Chongqing,2225.979174,1817.023761,0.816262354,344,360.2994304,901.9705948,171.656,360.2994304,1433.926025
2005,Sichuan,4479.958086,3276.04284,0.73125,661,486.9625712,1626.227666,329.839,486.9625712,2443.029237
2005,Guizhou,1684.984236,1350.017654,0.801186944,241,169.6802278,670.1487633,120.259,169.6802278,960.0879911
2005,Yunnan,2832.973495,2238.029266,0.789975291,527,378.8763222,1110.957728,262.973,378.8763222,1752.80705
2005,Tibet,127.9988025,91.00118999,0.7109375,22,10.45890968,45.17299071,10.978,10.45890968,66.6099004
2005,Shaanxi,2164.979745,1733.022662,0.800461894,310,208.0309194,860.2724495,154.69,208.0309194,1222.993369
2005,Gansu,1415.986752,1151.015051,0.812853107,207,139.4621644,571.3638715,103.293,139.4621644,814.1190359
2005,Qinghai,370.996529,239.0031254,0.644204852,58,61.59967453,118.6411514,28.942,61.59967453,209.182826
2005,Ningxia,567.9946859,507.00663,0.892605634,97,135.987795,251.6780911,48.403,135.987795,436.0688861
2005,Xinjiang,1244.988352,939.0122792,0.754216867,261,151.0797396,466.1256954,130.239,151.0797396,747.444435
2006,Beijing,1228.980115,879.3454853,0.716029292,157.13,191.5544426,436.5070989,78.40787,191.5544426,706.4694116
2006,Tianjin,608.9901467,241.8200085,0.397372742,62.6,70.50301058,120.0394522,31.2374,70.50301058,221.7798628
2006,Hebei,8624.860452,4622.559335,0.536347826,878.31,687.1697884,2294.638454,438.27669,687.1697884,3420.084933
2006,Shanxi,2680.956623,1741.703615,0.650130548,263.2,334.1435313,864.5816743,131.3368,334.1435313,1330.062006
2006,Inner Mongolia,2210.964227,1405.95352,0.636363636,359.97,8.408698129,697.9153275,179.62503,8.408698129,885.9490556
2006,Liaoning,3293.946705,1929.563787,0.586217365,430.06,280.7009113,957.8354637,214.59994,280.7009113,1453.136315
2006,Jilin,1798.970893,1583.82113,0.881045025,329.95,122.7560212,786.2088089,164.64505,122.7560212,1073.60988
2006,Heilongjiang,1482.976006,1084.193013,0.731625084,189.33,221.6564768,538.1934117,94.47567,221.6564768,854.3255585
2006,Shanghai,1130.981701,187.8601719,0.16622458,31.69,86.4429048,93.25378931,15.81331,86.4429048,195.5100041
2006,Jiangsu,10975.82241,6476.179648,0.590470117,1031.07,995.2538568,3214.775577,514.50393,995.2538568,4724.533364
2006,Zhejiang,9951.838981,7086.725207,0.712620579,1112.6,861.1051261,3517.850393,555.1874,861.1051261,4934.142919
2006,Anhui,4579.925898,6359.266669,1.389519651,1103.79,612.3905858,3156.739974,550.79121,612.3905858,4319.92177
2006,Fujian,3398.945006,2592.070669,0.763165637,418.43,392.4772254,1286.70388,208.79657,392.4772254,1887.977676
2006,Jiangxi,4299.930428,2917.828201,0.679069767,551.72,410.6298129,1448.409919,275.30828,410.6298129,2134.348012
2006,Shandong,16669.73029,10286.34367,0.617516497,1964.41,1372.595094,5106.140996,980.24059,1372.595094,7458.976679
2006,Henan,7604.876955,5052.239516,0.664825773,888.15,510.6953214,2507.931696,443.18685,510.6953214,3461.813867
2006,Hubei,5202.915818,3230.595402,0.621372285,748.31,439.0737754,1603.667558,373.40669,439.0737754,2416.148023
2006,Hunan,4588.925752,3222.601353,0.702767487,658.43,603.9336941,1599.699311,328.55657,603.9336941,2532.189575
2006,Guangdong,9703.842994,8255.855,0.851401484,1294.65,1018.319813,4098.206422,646.03035,1018.319813,5762.556585
2006,Guangxi,3654.940864,2858.872084,0.782763338,582.78,269.3266558,1419.144102,290.80722,269.3266558,1979.277978
2006,Hainan,584.990535,445.6682801,0.762393162,57.16,53.05624085,221.2297342,28.52284,53.05624085,302.8088151
2006,Chongqing,2618.957626,2072.457428,0.791905307,391.03,371.8248251,1028.767867,195.12397,371.8248251,1595.716662
2006,Sichuan,5059.918132,3655.279302,0.722924901,847.74,488.3589748,1814.480645,423.02226,488.3589748,2725.86188
2006,Guizhou,1906.969146,1530.860549,0.803356057,271.36,264.8295525,759.9191768,135.40864,264.8295525,1160.157369
2006,Yunnan,3305.94651,2515.127939,0.761343013,610.27,327.535712,1248.509509,304.52473,327.535712,1880.569951
2006,Tibet,166.997298,116.9129793,0.700598802,21.37,34.2181367,58.03560292,10.66363,34.2181367,102.9173696
2006,Shaanxi,2514.959308,2023.493873,0.805168986,382.49,296.3172742,1004.462358,190.86251,296.3172742,1491.642143
2006,Gansu,1453.976475,1161.135743,0.799174691,212.93,176.0301139,576.3877829,106.25207,176.0301139,858.6699668
2006,Qinghai,370.9939974,277.7932329,0.749326146,64.53,49.35899919,137.8965608,32.20047,49.35899919,219.45603
2006,Ningxia,709.9885125,555.5864657,0.783098592,109.78,89.2119284,275.7931216,54.78022,89.2119284,419.78527
2006,Xinjiang,1223.980196,958.2867278,0.783496732,285.08,171.093214,475.6935317,142.25492,171.093214,789.0416657
2007,Beijing,1169,863.9909689,0.739093242,154.6,176.0717657,428.8851169,77.1454,176.0717657,682.1022826
2007,Tianjin,615,304.9968119,0.495934959,60.65,74.18799837,151.4004174,30.26435,74.18799837,255.8527658
2007,Hebei,9478,5477.94274,0.577970036,928.31,725.4529455,2719.250776,463.22669,725.4529455,3907.930412
2007,Shanxi,2781,1853.980621,0.666666667,266.09,337.7698373,920.3159801,132.77891,337.7698373,1390.864727
2007,Inner Mongolia,2871,1788.9813,0.62312783,394.01,186.1566884,888.0503174,196.61099,186.1566884,1270.817996
2007,Liaoning,3912,2352.975405,0.601482618,491.34,487.5983564,1168.016991,245.17866,487.5983564,1900.794007
2007,Jilin,2083,1799.981185,0.864138262,420.13,317.2590806,893.5106603,209.64487,317.2590806,1420.414611
2007,Heilongjiang,1744,1210.987342,0.694380734,230.8,232.9500407,601.1341165,115.1692,232.9500407,949.2533571
2007,Shanghai,959,189.998014,0.198123045,32.59,72.91263629,94.31501414,16.26241,72.91263629,183.4900604
2007,Jiangsu,11850,5914.938172,0.499156118,1028.87,1112.190065,2936.175309,513.40613,1112.190065,4561.771504
2007,Zhejiang,10409,6167.935528,0.592564127,1135.66,1084.361774,3061.763196,566.69434,1084.361774,4712.81931
2007,Anhui,5402,7913.917277,1.465012958,1292,706.3010578,3928.468536,644.708,706.3010578,5279.477594
2007,Fujian,4500,3448.963949,0.766444444,534.61,558.8940358,1712.065704,266.77039,558.8940358,2537.73013
2007,Jiangxi,5096,3613.962224,0.709183673,658.41,505.9213751,1793.970848,328.54659,505.9213751,2628.438813
2007,Shandong,14987,9772.897846,0.652098485,1844.77,1483.244825,4851.266491,920.54023,1483.244825,7255.051546
2007,Henan,9384,6460.932465,0.688512361,773.59,749.5904231,3207.206876,386.02141,749.5904231,4342.818709
2007,Hubei,5639,3526.963133,0.625465508,756.16,451.7079902,1750.784499,377.32384,451.7079902,2579.81633
2007,Hunan,5683,3838.959872,0.675523491,803.37,727.768991,1905.65968,400.88163,727.768991,3034.310302
2007,Guangdong,9896,8237.913891,0.832457559,1386.31,1134.489561,4089.300455,691.76869,1134.489561,5915.558706
2007,Guangxi,4350,3463.963792,0.796321839,649.21,303.6557933,1719.511626,323.95579,303.6557933,2347.12321
2007,Hainan,633,450.9952858,0.712480253,66.31,53.98508544,223.8740599,33.08869,53.98508544,310.9478353
2007,Chongqing,3000,2356.975363,0.785666667,439.1,400.5766477,1170.00257,219.1109,400.5766477,1789.690118
2007,Sichuan,6376,4414.953851,0.692440402,1012.36,969.8230431,2191.583092,505.16764,969.8230431,3666.573775
2007,Guizhou,2059,1628.982973,0.791160758,301.02,238.8235476,808.6271476,150.20898,238.8235476,1197.659675
2007,Yunnan,3569,2759.971151,0.773325862,598.58,229.327144,1370.049679,298.69142,229.327144,1898.068243
2007,Tibet,160,122.9987143,0.76875,21.90127884,30.98884155,61.05656179,10.92873814,30.98884155,102.9741415
2007,Shaanxi,3175,2334.975593,0.735433071,419.74,363.789406,1159.081884,209.45026,363.789406,1732.32155
2007,Gansu,1540,1181.987645,0.767532468,231.7,178.5735557,586.7386669,115.6183,178.5735557,880.9305227
2007,Qinghai,437,347.9963625,0.796338673,68.97,56.50715216,172.7453943,34.41603,56.50715216,263.6685765
2007,Ningxia,846,685.9928294,0.810874704,122.7,163.9982913,340.5268405,61.2273,163.9982913,565.7524318
2007,Xinjiang,1514,1176.987697,0.777410832,308.97,187.1662246,584.2566929,154.17603,187.1662246,925.5989474
2008,Beijing,884.9937681,707,0.798870056,131.88,192.8243775,350.9548,65.80812,192.8243775,609.5872975
2008,Tianjin,555.9960848,196,0.352517986,37.81,46.31665582,97.2944,18.86719,46.31665582,162.4782458
2008,Hebei,9263.934766,5041,0.544149396,776.22,643.8246867,2502.3524,387.33378,643.8246867,3533.510867
2008,Shanxi,2482.982515,1573,0.633507853,219.34,232.9978682,780.8372,109.45066,232.9978682,1123.285728
2008,Inner Mongolia,3261.97703,1903,0.583384427,347.99,389.591074,944.6492,173.64701,389.591074,1507.887284
2008,Liaoning,4124.970953,2521,0.611151515,449.29,461.4495769,1251.4244,224.19571,461.4495769,1937.069687
2008,Jilin,2341.983508,1987,0.848420154,441.51,275.9919203,986.3468,220.31349,275.9919203,1482.65221
2008,Heilongjiang,2130.984994,1095,0.513843266,243.26,230.8330513,543.558,121.38674,230.8330513,895.7777913
2008,Shanghai,807.9943103,172,0.212871287,29.28,56.99996745,85.3808,14.61072,56.99996745,156.9914875
2008,Jiangsu,13248.9067,6130,0.462676428,1118.37,1148.725053,3042.932,558.06663,1148.725053,4749.723683
2008,Zhejiang,10217.92805,5745,0.5622431,1024.89,1194.068942,2851.818,511.42011,1194.068942,4557.307052
2008,Anhui,6171.956539,8689,1.407809462,1438.88,522.3597722,4313.2196,718.00112,522.3597722,5553.580492
2008,Fujian,4652.967235,3591,0.771760155,546.47,553.0226119,1782.5724,272.68853,553.0226119,2608.283542
2008,Jiangxi,5351.962313,4077,0.7617713,743.44,494.4736208,2023.8228,370.97656,494.4736208,2889.272981
2008,Shandong,14141.90042,9157,0.647503889,1587.31,1580.426908,4545.5348,792.06769,1580.426908,6918.029398
2008,Henan,10357.92706,5571,0.537845144,703.37,730.3727339,2765.4444,350.98163,730.3727339,3846.798764
2008,Hubei,5898.958461,3982,0.675029666,857.7,502.5621644,1976.6648,427.9923,502.5621644,2907.219264
2008,Hunan,6167.956567,4254,0.689688716,797.28,727.4442311,2111.6856,397.84272,727.4442311,3236.972551
2008,Guangdong,9767.931217,7981,0.817055692,1355.29,1082.720529,3961.7684,676.28971,1082.720529,5720.778639
2008,Guangxi,5245.963059,4423,0.843118567,765.7,276.5703011,2195.5772,382.0843,276.5703011,2854.231801
2008,Hainan,660.9953454,489,0.7397882,82.33,43.87047193,242.7396,41.08267,43.87047193,327.6927419
2008,Chongqing,3270.976967,2503,0.765209416,504.79,579.890179,1242.4892,251.89021,579.890179,2074.269589
2008,Sichuan,6279.955778,4634,0.737898089,1166.34,793.9246379,2300.3176,582.00366,793.9246379,3676.245898
2008,Guizhou,2075.985381,1655,0.797206166,290.72,249.5419365,821.542,145.06928,249.5419365,1216.153217
2008,Yunnan,4109.971059,3045,0.740875912,649.49,188.9283401,1511.538,324.09551,188.9283401,2024.56185
2008,Tibet,168.99881,128,0.75739645,24.64,30.83521562,63.5392,12.29536,30.83521562,106.6697756
2008,Shaanxi,3671.974143,2781,0.757352941,477.53,427.0164443,1380.4884,238.28747,427.0164443,2045.792314
2008,Gansu,1634.988487,1285,0.785932722,255.98,168.78345,637.874,127.73402,168.78345,934.39147
2008,Qinghai,461.9967467,366,0.792207792,76.29,40.97683483,181.6824,38.06871,40.97683483,260.7279448
2008,Ningxia,902.9936413,683,0.756367663,125.68,142.3659561,339.0412,62.71432,142.3659561,544.1214761
2008,Xinjiang,1690.988092,1337,0.790656416,337.92,202.8783076,663.6868,168.62208,202.8783076,1035.187188
2009,Beijing,1080.006551,809,0.749074074,141.35,170.1683889,401.5876,70.53365,170.1683889,642.2896389
2009,Tianjin,700.004246,205,0.292857143,32.85,50.24609439,101.762,16.39215,50.24609439,168.4002444
2009,Hebei,11012.0668,4940,0.448601526,772.81,807.0937103,2452.216,385.63219,807.0937103,3644.9419
2009,Shanxi,2793.016941,1640,0.587182241,233.26,299.6939138,814.096,116.39674,299.6939138,1230.186654
2009,Inner Mongolia,4478.027162,2483,0.554488611,458.68,316.8826363,1232.5612,228.88132,316.8826363,1778.325156
2009,Liaoning,4827.029279,3237,0.670602859,449.62,489.3119121,1606.8468,224.36038,489.3119121,2320.519092
2009,Jilin,2764.016766,2475,0.895441389,604.35,351.9348657,1228.59,301.57065,351.9348657,1882.095516
2009,Heilongjiang,2643.016032,1204,0.455542944,245.67,300.9594711,597.6656,122.58933,300.9594711,1021.214401
2009,Shanghai,783.0047494,134,0.171136654,23.57,51.29331977,66.5176,11.76143,51.29331977,129.5723498
2009,Jiangsu,14728.08934,6827,0.463538838,975.99,1028.155761,3388.9228,487.01901,1028.155761,4904.097571
2009,Zhejiang,10873.06595,5737,0.527637267,963.58,1256.670513,2847.8468,480.82642,1256.670513,4585.343733
2009,Anhui,7138.043297,9700,1.358924068,1462.29,1112.744125,4815.08,729.68271,1112.744125,6657.506835
2009,Fujian,5482.033252,4054,0.739511127,560.15,572.5374695,2012.4056,279.51485,572.5374695,2864.457919
2009,Jiangxi,6168.037413,4541,0.736219196,737.88,704.0058259,2254.1524,368.20212,704.0058259,3326.360346
2009,Shandong,14491.0879,8429,0.581671382,1634.16,1528.3931,4184.1556,815.44584,1528.3931,6527.99454
2009,Henan,11876.07204,6427,0.54117548,833.51,995.4744264,3190.3628,415.92149,995.4744264,4601.758716
2009,Hubei,7037.042684,4376,0.621855905,854.35,737.0040277,2172.2464,426.32065,737.0040277,3335.571078
2009,Hunan,7685.046615,4983,0.648405986,871.01,905.4317087,2473.5612,434.63399,905.4317087,3813.626899
2009,Guangdong,10160.06163,7911,0.778641732,1270.89,963.2487632,3927.0204,634.17411,963.2487632,5524.443273
2009,Guangxi,6499.039421,5479,0.843052777,908.93,380.2384133,2719.7756,453.55607,380.2384133,3553.570083
2009,Hainan,939.0056957,723,0.769968051,114.69,81.42337673,358.8972,57.23031,81.42337673,497.5508867
2009,Chongqing,3641.022085,2566,0.704751442,512.75,655.5954028,1273.7624,255.86225,655.5954028,2185.220053
2009,Sichuan,9100.055198,5909,0.649340659,1450.49,911.5947356,2933.2276,723.79451,911.5947356,4568.616846
2009,Guizhou,2675.016226,2113,0.789906542,358.38,274.1998861,1048.8932,178.83162,274.1998861,1501.924706
2009,Yunnan,5022.030462,3824,0.761449622,712.83,354.4795037,1898.2336,355.70217,354.4795037,2608.415274
2009,Tibet,188.0011403,171,0.909574468,29.69,27.35909683,84.8844,14.81531,27.35909683,127.0588068
2009,Shaanxi,4532.02749,3247,0.716460724,555.14,418.4987632,1611.8108,277.01486,418.4987632,2307.324423
2009,Gansu,1825.01107,1377,0.754520548,283.21,205.395419,683.5428,141.32179,205.395419,1030.260009
2009,Qinghai,611.0037061,399,0.653027823,87.8,61.63108218,198.0636,43.8122,61.63108218,303.5068822
2009,Ningxia,1072.006502,856,0.798507463,154.34,154.8815134,424.9184,77.01566,154.8815134,656.8155734
2009,Xinjiang,2040.012374,1632,0.8,367.38,251.6718145,810.1248,183.32262,251.6718145,1245.119234
2010,Beijing,1048.988836,730.006144,0.695900858,137.2904375,165.2811643,362.3750499,68.50792834,165.2811643,596.1641425
2010,Tianjin,831.9911452,212.0017843,0.254807692,39.04391906,59.72007434,105.2376857,19.48291561,59.72007434,184.4406757
2010,Hebei,12771.86407,4677.039363,0.366191669,896.3098804,936.0723425,2321.68234,447.2586303,936.0723425,3705.013313
2010,Shanxi,3669.960941,2402.020216,0.654495913,306.4983518,393.7910084,1192.362835,152.9426775,393.7910084,1739.096521
2010,Inner Mongolia,5469.941784,3107.02615,0.568007313,560.2808573,387.0743768,1542.327781,279.5801478,387.0743768,2208.982305
2010,Liaoning,4785.949064,3158.026579,0.659841204,445.7935292,485.1476451,1567.644394,222.4509711,485.1476451,2275.24301
2010,Jilin,3079.96722,2640.022219,0.857142857,673.4323079,392.1639925,1310.50703,336.0427217,392.1639925,2038.713744
2010,Heilongjiang,3591.961771,1479.012448,0.41174833,333.8751024,409.015648,734.1817791,166.6036761,409.015648,1309.801103
2010,Shanghai,670.9928587,57.00047973,0.084947839,20.19821935,43.95560984,28.29503814,10.07891145,43.95560984,82.32955943
2010,Jiangsu,15684.83307,6226.0524,0.396939751,1039.390778,1094.945251,3090.612412,518.655998,1094.945251,4704.213661
2010,Zhejiang,11328.87943,5818.048966,0.513549298,1003.974563,1309.351822,2888.079507,500.983307,1309.351822,4698.414636
2010,Anhui,8068.914123,10057.08464,1.246375015,1652.986952,1257.856868,4992.336817,824.8404891,1257.856868,7075.034175
2010,Fujian,5918.937005,4207.035408,0.710761953,604.7924942,618.1672127,2088.372376,301.7914546,618.1672127,3008.331044
2010,Jiangxi,6262.933344,4442.037386,0.709244771,749.2323646,714.8370326,2205.027358,373.8669499,714.8370326,3293.731341
2010,Shandong,14898.84143,9108.076656,0.611316196,1680.142367,1571.399374,4521.249252,838.391041,1571.399374,6931.039667
2010,Henan,11656.87594,6123.051533,0.52526379,818.1259454,977.101002,3039.482781,408.2448468,977.101002,4424.82863
2010,Hubei,9003.904172,5523.046484,0.613394047,1093.141803,942.9974973,2741.640274,545.4777599,942.9974973,4230.115532
2010,Hunan,8821.906109,5836.049118,0.661527998,999.8597049,1039.373464,2897.014782,498.9299927,1039.373464,4435.318239
2010,Guangdong,11610.87643,8382.070546,0.721901645,1452.367838,1100.796705,4160.859819,724.7315513,1100.796705,5986.388075
2010,Guangxi,7516.919998,5674.047755,0.754822403,1051.28676,439.7914135,2816.597305,524.5920931,439.7914135,3780.980812
2010,Hainan,1263.986548,778.0065479,0.615506329,154.3831074,109.6032253,386.2024504,77.03717058,109.6032253,572.8428463
2010,Chongqing,4620.95082,3341.028119,0.723003679,650.7492889,832.0394777,1658.486358,324.7238952,832.0394777,2815.249731
2010,Sichuan,12881.8629,8390.070613,0.651296383,2053.285712,1290.435953,4164.831052,1024.58957,1290.435953,6479.856576
2010,Guizhou,3809.959451,2931.024668,0.769291339,510.4317705,390.5361162,1454.960645,254.7054535,390.5361162,2100.202215
2010,Yunnan,5785.938421,4039.033994,0.698064293,821.2595515,408.3998684,2004.976474,409.8085162,408.3998684,2823.184859
2010,Tibet,218.9976692,207.0017422,0.945205479,34.58511362,31.86990476,102.7556648,17.2579717,31.86990476,151.8835413
2010,Shaanxi,5512.941326,3621.030476,0.656811174,675.2947229,509.0788024,1797.479528,336.9720667,509.0788024,2643.530397
2010,Gansu,2424.974191,1798.015133,0.741443299,376.3138493,272.91812,892.5347118,187.7806108,272.91812,1353.233443
2010,Qinghai,810.9913687,522.0043933,0.643649815,116.5378237,81.80355568,259.1229809,58.15237402,81.80355568,399.0789106
2010,Ningxia,1421.984866,1067.00898,0.750351617,204.7274375,205.445739,529.6632578,102.1589913,205.445739,837.2679881
2010,Xinjiang,2470.973702,2264.019055,0.916228248,444.9905942,304.8385603,1123.859059,222.0503065,304.8385603,1650.747926
2011,Beijing,920.9551865,771.8744648,0.849425785,146.0770255,158.5212169,383.1584843,72.89243575,158.5212169,614.572137
2011,Tianjin,940.1764566,161.8519626,0.17447205,33.49968255,58.97923835,80.34331426,16.71634159,58.97923835,156.0388942
2011,Hebei,14497.15668,6127.699743,0.428382685,1109.631632,1459.985261,3041.790152,553.7061843,1459.985261,5055.481598
2011,Shanxi,4091.088238,3126.216553,0.774457298,427.5652008,471.0322504,1551.853897,213.3550352,471.0322504,2236.241183
2011,Inner Mongolia,6482.874561,3725.485793,0.582415008,636.4790539,581.8110586,1849.331148,317.6030479,581.8110586,2748.745254
2011,Liaoning,5785.083606,3838.828775,0.6725218,524.6989839,555.6381858,1905.594604,261.824793,555.6381858,2723.057583
2011,Jilin,3792.315689,2789.748724,0.74555188,724.6131633,516.7044393,1384.831266,361.5819685,516.7044393,2263.117674
2011,Heilongjiang,4367.966294,1734.573898,0.402467479,390.967745,439.0156221,861.0424831,195.0929047,439.0156221,1495.15101
2011,Shanghai,803.6425984,48.22630069,0.060818859,16.78472028,43.62644645,23.93953566,8.375575419,43.62644645,75.94155753
2011,Jiangsu,14996.2015,6492.7146,0.438795647,1043.548341,1077.917247,3222.983527,520.730622,1077.917247,4821.631396
2011,Zhejiang,12166.10638,5935.965815,0.494489468,1006.986487,1291.846394,2946.613431,502.4862569,1291.846394,4740.946082
2011,Anhui,9547.96392,10471.85101,1.111552423,1800.102791,1467.591913,5198.226839,898.2512927,1467.591913,7564.070045
2011,Fujian,6792.39985,4877.268555,0.72773069,744.4995603,719.631371,2421.07611,371.5052806,719.631371,3512.212762
2011,Jiangxi,6856.636995,4824.658732,0.713136568,806.9232567,901.6840723,2394.960595,402.6547051,901.6840723,3699.299372
2011,Shandong,15034.72384,10398.23199,0.700940755,1908.641729,2057.184678,5161.682361,952.4122226,2057.184678,8171.279262
2011,Henan,13789.30125,6652.14604,0.488918849,906.4835475,1254.590419,3302.125294,452.3352902,1254.590419,5009.051003
2011,Hubei,9480.255575,5615.994822,0.600376822,1187.151998,1053.280818,2787.779829,592.3888472,1053.280818,4433.449494
2011,Hunan,9340.609606,5940.287101,0.644539413,1000.859565,1184.275446,2948.758517,499.4289227,1184.275446,4632.462885
2011,Guangdong,12681.85884,8416.180667,0.672588441,1535.152805,1068.121916,4177.792083,766.0412497,1068.121916,6011.95525
2011,Guangxi,8724.401822,6741.073508,0.783088178,1299.390435,537.0322726,3346.26889,648.3958271,537.0322726,4531.696989
2011,Hainan,1518.071372,1012.977303,0.676277267,201.0068058,121.5588274,502.8419332,100.3023961,121.5588274,724.7031567
2011,Chongqing,5003.505071,3778.12908,0.765278852,698.9047363,861.3108459,1875.463275,348.7534634,861.3108459,3085.527585
2011,Sichuan,14485.57604,9025.643974,0.631480134,2102.564569,1480.097049,4480.329669,1049.17972,1480.097049,7009.606438
2011,Guizhou,5295.933703,3978.445798,0.761356694,648.7587802,482.942655,1974.900494,323.7306313,482.942655,2781.57378
2011,Yunnan,6771.732246,4747.882342,0.71058729,907.4918044,218.1100737,2356.848795,452.8384104,218.1100737,3027.797279
2011,Tibet,232.2112959,216.5670138,0.945205479,38.73532725,34.99565318,107.5038656,19.3289283,34.99565318,161.8284471
2011,Shaanxi,6574.931178,4210.999277,0.649099419,756.3300897,570.1682587,2090.340041,377.4087148,570.1682587,3037.917015
2011,Gansu,2752.571657,2199.055168,0.809682505,411.6873511,315.7929142,1091.610985,205.4319882,315.7929142,1612.835888
2011,Qinghai,1045.439593,751.1953167,0.728234405,136.2327159,89.55534604,372.8933552,67.98012523,89.55534604,530.4288265
2011,Ningxia,1459.669434,1153.346182,0.800796992,231.9561867,178.3521419,572.521045,115.7461372,178.3521419,866.619324
2011,Xinjiang,3163.639514,1864.879494,0.597421774,504.1743433,325.1440898,925.7261806,251.5829973,325.1440898,1502.453268
2012,Beijing,883.7571162,632.2130886,0.72965675,121.3900082,165.9870516,313.8305772,60.57361411,165.9870516,540.3912429
2012,Tianjin,848.7810316,162.7901843,0.195623306,31.85819811,65.98280729,80.80904751,15.89724086,65.98280729,162.6890957
2012,Hebei,13152.9309,6263.674889,0.485729762,959.8313616,1492.254377,3109.288215,478.9558495,1492.254377,5080.498442
2012,Shanxi,5084.342811,3120.248407,0.625953959,412.1728535,545.7129273,1548.891309,205.6742539,545.7129273,2300.27849
2012,Inner Mongolia,6072.036591,3448.128103,0.579211342,563.2839627,579.1186006,1711.65079,281.0786974,579.1186006,2571.848088
2012,Liaoning,5512.619558,3428.466572,0.634351459,551.4586321,565.9496789,1701.890806,275.1778574,565.9496789,2543.018343
2012,Jilin,3247.958144,2239.819456,0.703381003,581.139757,589.339872,1111.846378,289.9887387,589.339872,1991.174989
2012,Heilongjiang,3991.540488,1798.27034,0.459517957,374.9380674,396.6139513,892.6613968,187.0940956,396.6139513,1476.369444
2012,Shanghai,800.153056,43.25636257,0.055139773,15.13981769,41.04521411,21.47245838,7.554769028,41.04521411,70.07244151
2012,Jiangsu,16929.47664,7209.250093,0.434344778,1047.722534,1060.799723,3578.671746,522.8135445,1060.799723,5162.285013
2012,Zhejiang,11593.94104,5602.317763,0.492861275,952.6092165,1214.942195,2780.990538,475.3519991,1214.942195,4471.284731
2012,Anhui,11022.37452,11231.40815,1.039314752,1832.504641,1613.307222,5575.271008,914.4198159,1613.307222,8102.998046
2012,Fujian,7270.618533,4768.596451,0.668970948,714.7195779,716.0795877,2367.131278,356.6450694,716.0795877,3439.855935
2012,Jiangxi,7584.211383,4746.394989,0.63832447,795.6263311,1023.257844,2356.110473,397.0175392,1023.257844,3776.385855
2012,Shandong,15479.81208,9804.324639,0.646011195,1689.14793,1873.209605,4866.866751,842.884817,1873.209605,7582.961172
2012,Henan,14912.80288,7195.819355,0.492163067,896.5122285,1201.651257,3572.004728,447.359602,1201.651257,5221.015587
2012,Hubei,10391.94362,5775.944886,0.566910243,1195.462062,1211.761894,2867.179042,596.5355691,1211.761894,4675.476505
2012,Hunan,10590.69231,5779.88225,0.556650605,1026.881913,1369.095506,2869.133549,512.4140747,1369.095506,4750.64313
2012,Guangdong,11503.94673,6920.771101,0.613614578,1185.137965,894.5235843,3435.470775,591.3838448,894.5235843,4921.378204
2012,Guangxi,9999.985108,7083.76082,0.722524505,1359.162395,739.6969352,3516.378871,678.2220351,739.6969352,4934.297842
2012,Hainan,1675.136103,1245.858243,0.758589063,225.1276225,136.1458867,618.444032,112.3386836,136.1458867,866.9286024
2012,Chongqing,5570.712711,3536.49914,0.647516501,689.12007,1110.191355,1755.518173,343.8709149,1110.191355,3209.580444
2012,Sichuan,13486.65603,7991.580817,0.604388873,1801.897836,1350.644919,3967.020718,899.1470201,1350.644919,6216.812656
2012,Guizhou,6760.20007,4700.872271,0.709262416,772.6717073,800.6231773,2333.512995,385.5631819,800.6231773,3519.699355
2012,Yunnan,8026.740985,5371.199902,0.682527434,1029.095706,357.1866404,2666.263631,513.5187574,357.1866404,3536.969029
2012,Tibet,287.1604656,266.1110043,0.945205479,39.00647454,40.96341707,132.0975025,19.4642308,40.96341707,192.5251504
2012,Shaanxi,7648.434365,4266.649926,0.56898722,699.605333,646.5894171,2117.965023,349.1030611,646.5894171,3113.657501
2012,Gansu,3657.785307,2475.680008,0.690342075,468.9118929,373.2308154,1228.927556,233.9870346,373.2308154,1836.145406
2012,Qinghai,1411.783814,906.202976,0.654704508,169.8821967,69.37092508,449.8391573,84.77121616,69.37092508,603.9812985
2012,Ningxia,1617.603849,1163.434427,0.733597402,192.2916788,182.9632258,577.5288496,95.9535477,182.9632258,856.4456231
2012,Xinjiang,4322.861766,3605.573381,0.850728606,618.1177448,489.7786018,1789.806627,308.4407547,489.7786018,2588.025983
2013,Beijing,908.4891908,616.4506288,0.687962078,124.7871257,170.632224,306.0060921,62.26877573,170.632224,538.9070919
2013,Tianjin,959.2373724,198.0361611,0.209316938,36.00407303,74.56949712,98.30515037,17.96603244,74.56949712,190.8406799
2013,Hebei,12845.63851,6218.878537,0.490842707,937.4067876,1457.390786,3087.051306,467.765987,1457.390786,5012.208079
2013,Shanxi,5139.412252,3157.053891,0.622808461,416.6371727,551.6236433,1567.161552,207.9019492,551.6236433,2326.687144
2013,Inner Mongolia,6486.788567,3705.790262,0.579211342,601.7592145,618.6754413,1839.554286,300.277848,618.6754413,2758.507575
2013,Liaoning,6076.449815,3439.143633,0.573834114,607.8617738,623.8349636,1707.190899,303.3230251,623.8349636,2634.348888
2013,Jilin,3417.087896,2262.34961,0.671258091,611.4012378,620.0283545,1123.030346,305.0892177,620.0283545,2048.147918
2013,Heilongjiang,4102.268964,1685.450211,0.416560188,385.3391447,407.6163346,836.6574847,192.2842332,407.6163346,1436.558052
2013,Shanghai,756.365571,41.1349299,0.055139773,14.31130803,38.79906047,20.4193792,7.141342705,38.79906047,66.35978238
2013,Jiangsu,18166.00491,6799.053971,0.379467884,1124.248145,1138.280491,3375.050391,560.9998241,1138.280491,5074.330706
2013,Zhejiang,12575.75412,5925.158361,0.477696313,1033.2793,1317.827498,2941.24861,515.6063706,1317.827498,4774.682479
2013,Anhui,12285.85664,11799.1082,0.973710167,2042.562541,1798.238774,5857.077308,1019.238708,1798.238774,8674.55479
2013,Fujian,7966.769194,5056.415131,0.643496888,783.15289,784.6431187,2510.004471,390.7932921,784.6431187,3685.440882
2013,Jiangxi,9299.271737,5266.130106,0.574154285,975.5457859,1254.652892,2614.106985,486.7973472,1254.652892,4355.557224
2013,Shandong,16363.82976,9088.349723,0.563100667,1785.611416,1980.184444,4511.456802,891.0200964,1980.184444,7382.661343
2013,Henan,16911.38813,7965.216891,0.477534016,1016.661079,1362.694255,3953.933665,507.3138783,1362.694255,5823.941798
2013,Hubei,11134.52994,5771.174011,0.525506686,1280.887254,1298.351838,2864.810779,639.16274,1298.351838,4802.325357
2013,Hunan,11401.3509,6103.200663,0.54273434,1105.484012,1473.892152,3029.628809,551.636522,1473.892152,5055.157483
2013,Guangdong,13532.91561,7596.207161,0.569103676,1394.162582,1052.292093,3770.757235,695.6871283,1052.292093,5518.736456
2013,Guangxi,10992.51364,7526.661719,0.694210773,1494.063341,813.1140756,3736.234877,745.5376072,813.1140756,5294.88656
2013,Hainan,2003.726853,1400.211778,0.70850215,269.2881264,162.851943,695.0651266,134.3747751,162.851943,992.2918447
2013,Chongqing,6197.747643,3870.492839,0.633167105,766.6868695,1235.153599,1921.312645,382.5767479,1235.153599,3539.042992
2013,Sichuan,14054.6565,7949.236303,0.573444162,1877.786092,1407.528325,3946.000901,937.01526,1407.528325,6290.544486
2013,Guizhou,8252.293217,5565.924078,0.683830696,943.2137249,977.334568,2762.924713,470.6636487,977.334568,4210.922929
2013,Yunnan,9192.091899,6124.923678,0.675573006,1178.503495,409.0442721,3040.412114,588.073244,409.0442721,4037.52963
2013,Tibet,298.0800659,270.117028,0.918766165,40.4897397,42.52109717,134.0860927,20.20438011,42.52109717,196.81157
2013,Shaanxi,8670.11924,4519.262218,0.528479852,793.0592548,732.9614242,2243.361765,395.7365681,732.9614242,3372.059757
2013,Gansu,4460.70067,2966.725081,0.67431091,571.8420901,455.1581924,1472.68233,285.349203,455.1581924,2213.189726
2013,Qinghai,1851.875314,1109.679355,0.607535595,222.8391084,90.9957335,550.8448316,111.1967151,90.9957335,753.0372802
2013,Ningxia,1942.458198,1356.742647,0.708160599,230.908543,219.7067089,673.4870501,115.2233629,219.7067089,1008.417122
2013,Xinjiang,5230.32768,3661.721196,0.70981037,747.8745622,592.5941464,1817.678402,373.1894065,592.5941464,2783.461955
2014,Beijing,703.86,475.9810512,0.687962078,96.67992442,132.198818,236.2769938,48.24328228,132.198818,416.7190941
2014,Tianjin,1071.16,220.3928992,0.209316938,40.20498364,83.27017361,109.4030352,20.06228683,83.27017361,212.7354956
2014,Hebei,10721.46,5172.912723,0.490842707,782.3954699,1216.393954,2567.833876,390.4153395,1216.393954,4174.643169
2014,Shanxi,4831.96,2958.126306,0.622808461,391.7129146,518.6241633,1468.413898,195.4647444,518.6241633,2182.502806
2014,Inner Mongolia,6404.5,3646.373624,0.579211342,594.1255599,610.8271948,1810.059867,296.4686544,610.8271948,2717.355716
2014,Liaoning,5820.58,3283.155892,0.573834114,582.2656635,597.5662473,1629.758585,290.5505661,597.5662473,2517.875398
2014,Jilin,3705.89,2445.236874,0.671258091,663.0750517,672.4313066,1213.815584,330.8744508,672.4313066,2217.121342
2014,Heilongjiang,3715.19,1521.239763,0.416560188,348.979589,369.1547637,755.1434182,174.1408149,369.1547637,1298.438997
2014,Shanghai,686.03,37.18321695,0.055139773,12.98047799,35.19107754,18.45774889,6.477258516,35.19107754,60.12608495
2014,Jiangsu,19496.49,7272.275713,0.379467884,1206.588505,1221.648585,3609.957664,602.087664,1221.648585,5433.693913
2014,Zhejiang,12413.35,5828.808251,0.477696313,1019.935463,1300.808987,2893.420416,508.947796,1300.808987,4703.177199
2014,Anhui,12982.13,12425.51898,0.973710167,2158.32019,1900.149922,6168.027622,1077.001775,1900.149922,9145.179319
2014,Fujian,7778.91,4920.441547,0.643496888,764.6858719,766.1409605,2442.507184,381.5782501,766.1409605,3590.226394
2014,Jiangxi,9848.6,5558.300063,0.574154285,1033.173403,1328.767975,2759.140151,515.5535282,1328.767975,4603.461654
2014,Shandong,16553.17,9162.333512,0.563100667,1806.27211,2003.096476,4548.182355,901.329783,2003.096476,7452.608614
2014,Henan,17331.49,8135.403409,0.477534016,1041.916322,1396.545433,4038.414252,519.9162447,1396.545433,5954.87593
2014,Hubei,11423.74,5900.99756,0.525506686,1314.157224,1332.075436,2929.255189,655.7644549,1332.075436,4917.095079
2014,Hunan,12186.83,6501.550391,0.54273434,1181.644687,1575.433757,3227.369614,589.6406989,1575.433757,5392.44407
2014,Guangdong,14812.38,8286.194339,0.569103676,1525.973156,1151.780651,4113.26687,761.4606048,1151.780651,6026.508125
2014,Guangxi,10752.28,7337.207357,0.694210773,1461.41164,795.3440407,3642.189732,729.2444084,795.3440407,5166.778181
2014,Hainan,2151.6,1498.447691,0.70850215,289.1613355,174.8702624,743.8294338,144.2915064,174.8702624,1062.991203
2014,Chongqing,6702.82,4171.716426,0.633167105,829.166397,1335.809834,2070.840034,413.7540321,1335.809834,3820.4039
2014,Sichuan,14660.53,8263.797867,0.573444162,1958.734413,1468.204594,4102.149261,977.408472,1468.204594,6547.762327
2014,Guizhou,9598.34,6451.840172,0.683830696,1097.063057,1136.749414,3202.693462,547.4344655,1136.749414,4886.877341
2014,Yunnan,9662.5,6416.536571,0.675573006,1238.81377,429.9772372,3185.168754,618.1680713,429.9772372,4233.314062
2014,Tibet,342.2,309.0465341,0.918766165,46.48277597,48.81480218,153.4106995,23.19490521,48.81480218,225.4204069
2014,Shaanxi,9158.75,4757.770817,0.528479852,837.7545047,774.2696793,2361.757434,418.0394978,774.2696793,3554.066611
2014,Gansu,4935.26,3271.215099,0.67431091,632.6784966,503.5809812,1623.831175,315.7065698,503.5809812,2443.118726
2014,Qinghai,1869.57,1116.483572,0.607535595,224.9683382,91.86519857,554.2224453,112.2592008,91.86519857,758.3468446
2014,Ningxia,1803.88,1255.67799,0.708160599,214.4351435,204.0324669,623.3185541,107.0031366,204.0324669,934.3541576
2014,Xinjiang,5081.63,3545.555266,0.70981037,726.612565,575.7467555,1760.013634,362.5796699,575.7467555,2698.340059
2015,Beijing,553.5,360.7036645,0.687962078,76.02696298,103.9582385,179.0532991,37.93745453,103.9582385,320.9489921
2015,Tianjin,777.6,154.1803595,0.209316938,29.186485,60.44931383,76.53513046,14.56405602,60.44931383,151.5485003
2015,Hebei,9126.17,4243.256905,0.490842707,665.9796395,1035.401709,2106.352727,332.3238401,1035.401709,3474.078277
2015,Shanxi,3786.06,2233.625844,0.622808461,306.9248499,406.3655742,1108.771869,153.1555001,406.3655742,1668.292943
2015,Inner Mongolia,5830.76,3199.120898,0.579211342,540.9014833,556.1069208,1588.043614,269.9098402,556.1069208,2414.060375
2015,Liaoning,4567.71,2482.866196,0.573834114,456.9339643,468.9411233,1232.49478,228.0100482,468.9411233,1929.445951
2015,Jilin,3325.02,2114.229969,0.671258091,594.9280223,603.3226952,1049.503757,296.8690831,603.3226952,1949.695535
2015,Heilongjiang,3111.89,1227.921001,0.416560188,292.309705,309.2086859,609.5399851,145.8625428,309.2086859,1064.611214
2015,Shanghai,433.6,22.64762561,0.055139773,8.204211559,22.24225066,11.24228135,4.093901568,22.24225066,37.57843358
2015,Jiangsu,18056.11,6490.342973,0.379467884,1117.447026,1131.394484,3221.806252,557.606066,1131.394484,4910.806802
2015,Zhejiang,11330.88,5127.243685,0.477696313,930.9949641,1187.375731,2545.163765,464.5664871,1187.375731,4197.105983
2015,Anhui,13207.86,12182.33649,0.973710167,2195.848517,1933.189249,6047.311832,1095.72841,1933.189249,9076.229491
2015,Fujian,7787.48,4746.919043,0.643496888,765.5283238,766.9850155,2356.370613,381.9986336,766.9850155,3505.354262
2015,Jiangxi,9458.08,5143.988904,0.574154285,992.2056638,1276.07922,2553.476092,495.1106263,1276.07922,4324.665938
2015,Shandong,15249.07,8133.881287,0.563100667,1663.96949,1845.287542,4037.658671,830.3207757,1845.287542,6713.266988
2015,Henan,16676.19,7543.442382,0.477534016,1002.521685,1343.742343,3744.564798,500.2583206,1343.742343,5588.565462
2015,Hubei,11145.46,5548.105019,0.525506686,1282.14462,1299.626347,2754.079331,639.7901652,1299.626347,4693.495843
2015,Hunan,11680.08,6004.841493,0.54273434,1132.509806,1509.924428,2980.803317,565.1223932,1509.924428,5055.850138
2015,Guangdong,14530.24,7833.080831,0.569103676,1496.907059,1129.842016,3888.341324,746.9566227,1129.842016,5765.139963
2015,Guangxi,11144.46,7328.562702,0.694210773,1514.71535,824.3535183,3637.898525,755.8429598,824.3535183,5218.095004
2015,Hainan,2225.2,1493.408618,0.70850215,299.0527067,180.8520673,741.3280379,149.2273006,180.8520673,1071.407406
2015,Chongqing,6840.2,4102.565972,0.633167105,846.1608679,1363.188393,2036.513748,422.2342731,1363.188393,3821.936415
2015,Sichuan,14091,7654.227748,0.573444162,1882.641801,1411.16801,3799.558654,939.4382589,1411.16801,6150.164923
2015,Guizhou,9940.93,6439.37974,0.683830696,1136.220123,1177.32299,3196.508103,566.9738414,1177.32299,4940.804935
2015,Yunnan,9436.21,6038.628537,0.675573006,1209.801489,419.9074262,2997.575206,603.6909429,419.9074262,4021.173575
2015,Tibet,467.9,407.2175326,0.918766165,63.55724978,66.74589696,202.1427832,31.71506764,66.74589696,300.6037478
2015,Shaanxi,8578.7,4294.556739,0.528479852,784.6971005,725.2329519,2131.817965,391.5638532,725.2329519,3248.61477
2015,Gansu,4764.3,3043.180526,0.67431091,610.762181,486.1366714,1510.634813,304.7703283,486.1366714,2301.541813
2015,Qinghai,1767.89,1017.408582,0.607535595,212.7330217,86.86894094,505.0416202,106.1537778,86.86894094,698.0643389
2015,Ningxia,1749.79,1173.778416,0.708160599,208.0052275,197.9144789,582.6636056,103.7946085,197.9144789,884.372693
2015,Xinjiang,4278.49,2876.744496,0.70981037,611.7731108,484.7512975,1428.015968,305.2747823,484.7512975,2218.042048
2016,Beijing,510.28,321.3280405,0.687962078,70.0904041,95.84066837,159.5072393,34.97511165,95.84066837,290.3230193
2016,Tianjin,788.61,151.0922649,0.209316938,29.599735,61.30521268,75.0022003,14.77026777,61.30521268,151.0776807
2016,Hebei,9898.58,4447.242578,0.490842707,722.3460378,1123.034816,2207.611215,360.4506729,1123.034816,3691.096705
2016,Shanxi,3851.54,2195.656995,0.622808461,312.2331226,413.3936767,1089.924132,155.8043282,413.3936767,1659.122137
2016,Inner Mongolia,6298.44,3339.224614,0.579211342,584.2867034,600.7117553,1657.591099,291.559065,600.7117553,2549.861919
2016,Liaoning,4010.97,2106.742011,0.573834114,401.2401012,411.7837554,1045.786734,200.2188105,411.7837554,1657.7893
2016,Jilin,2765.18,1698.980989,0.671258091,494.7588492,501.7400949,843.3741629,246.8846657,501.7400949,1591.998924
2016,Heilongjiang,3381.03,1289.146767,0.416560188,317.5908795,335.9514132,639.9324554,158.4778489,335.9514132,1134.361717
2016,Shanghai,418.42,21.11800985,0.055139773,7.91698847,21.4635667,10.48298009,3.950577247,21.4635667,35.89712403
2016,Jiangsu,18038.08,6265.286184,0.379467884,1116.331195,1130.264725,3110.088062,557.0492663,1130.264725,4797.402053
2016,Zhejiang,10848,4743.262333,0.477696313,891.3194183,1136.77419,2354.555422,444.7683897,1136.77419,3936.098002
2016,Anhui,13584.12,12107.00698,0.973710167,2258.402933,1988.261137,6009.918266,1126.943063,1988.261137,9125.122466
2016,Fujian,8105.99,4774.502156,0.643496888,796.8386356,798.3549063,2370.06287,397.6224792,798.3549063,3566.040256
2016,Jiangxi,9553.28,5020.612422,0.574154285,1002.192678,1288.923554,2492.232006,500.0941463,1288.923554,4281.249707
2016,Shandong,16156.09,8327.178704,0.563100667,1762.942976,1955.045888,4133.611508,879.7085449,1955.045888,6968.365942
2016,Henan,15672.11,6850.264861,0.477534016,942.1594571,1262.835085,3400.471477,470.1375691,1262.835085,5133.444131
2016,Hubei,11600.53,5579.967334,0.525506686,1334.494684,1352.690192,2769.895785,665.9128475,1352.690192,4788.498824
2016,Hunan,12239.68,6080.411106,0.54273434,1186.769065,1582.26586,3018.316073,592.1977635,1582.26586,5192.779697
2016,Guangdong,15080.6,7855.712675,0.569103676,1553.605212,1172.636894,3899.575772,775.249001,1172.636894,5847.461667
2016,Guangxi,12034.87,7647.303581,0.694210773,1635.736709,890.2169712,3796.121498,816.2326179,890.2169712,5502.571087
2016,Hainan,2227.91,1444.82216,0.70850215,299.4169134,181.0723212,717.2097204,149.4090398,181.0723212,1047.691081
2016,Chongqing,6790.2,3935.287708,0.633167105,839.9756623,1353.223857,1953.476818,419.1478555,1353.223857,3725.848531
2016,Sichuan,14615.51,7671.507064,0.573444162,1952.719472,1463.695987,3808.136107,974.4070164,1463.695987,6246.23911
2016,Guizhou,10798.51,6759.086516,0.683830696,1234.239086,1278.887799,3355.210547,615.8853041,1278.887799,5249.983649
2016,Yunnan,11104.36,6866.59448,0.675573006,1423.672349,494.1394084,3408.5775,710.4125023,494.1394084,4613.129411
2016,Tibet,623.29,524.1682744,0.918766165,84.66466813,88.91226782,260.1971314,42.2476694,88.91226782,391.3570686
2016,Shaanxi,7264.04,3513.84209,0.528479852,664.4446275,614.093181,1744.271214,331.5578691,614.093181,2689.922264
2016,Gansu,4640.4,2864.119824,0.67431091,594.8787491,473.4942405,1421.749081,296.8444958,473.4942405,2192.087817
2016,Qinghai,1895.42,1054.029499,0.607535595,228.0789099,93.13539192,523.2202435,113.811376,93.13539192,730.1670115
2016,Ningxia,1984.71,1286.484021,0.708160599,235.9312003,224.4857071,638.6106679,117.729669,224.4857071,980.826044
2016,Xinjiang,4250.23,2761.406555,0.70981037,607.7322674,481.5494502,1370.762214,303.2584014,481.5494502,2155.570066
